instant,dateday,season,year,month,holiday,workingday,weather,temp,atemp,hum,casual,registered,count,weekday
1,2011-01-01,Spring,2011,January,0,0,Cloudy,14.110847,18.18125,80.58330000000001,331,654,985,Saturday
2,2011-01-02,Spring,2011,January,0,0,Cloudy,14.902598000000001,17.686950000000003,69.6087,131,670,801,Sunday
3,2011-01-03,Spring,2011,January,0,1,Clear,8.050924,9.47025,43.7273,120,1229,1349,Monday
4,2011-01-04,Spring,2011,January,0,1,Clear,8.200000000000001,10.6061,59.0435,108,1454,1562,Tuesday
5,2011-01-05,Spring,2011,January,0,1,Clear,9.305237,11.4635,43.695699999999995,82,1518,1600,Wednesday
6,2011-01-06,Spring,2011,January,0,1,Clear,8.378268,11.66045,51.8261,88,1518,1606,Thursday
7,2011-01-07,Spring,2011,January,0,1,Cloudy,8.057402,10.44195,49.8696,148,1362,1510,Friday
8,2011-01-08,Spring,2011,January,0,0,Cloudy,6.765000000000001,8.1127,53.5833,68,891,959,Saturday
9,2011-01-09,Spring,2011,January,0,0,Clear,5.671653,5.80875,43.416700000000006,54,768,822,Sunday
10,2011-01-10,Spring,2011,January,0,1,Clear,6.184153,7.5443999999999996,48.2917,41,1280,1321,Monday
11,2011-01-11,Spring,2011,January,0,1,Cloudy,6.9327309999999995,9.5732,68.6364,43,1220,1263,Tuesday
12,2011-01-12,Spring,2011,January,0,1,Clear,7.0818069999999995,8.02365,59.954499999999996,25,1137,1162,Wednesday
13,2011-01-13,Spring,2011,January,0,1,Clear,6.765000000000001,7.544149999999999,47.0417,38,1368,1406,Thursday
14,2011-01-14,Spring,2011,January,0,1,Clear,6.59567,9.42065,53.7826,54,1367,1421,Friday
15,2011-01-15,Spring,2011,January,0,0,Cloudy,9.566653,12.4056,49.875,222,1026,1248,Saturday
16,2011-01-16,Spring,2011,January,0,0,Clear,9.498347,11.71085,48.375,251,953,1204,Sunday
17,2011-01-17,Spring,2011,January,1,0,Cloudy,7.209153,8.838550000000001,53.75,117,883,1000,Monday
18,2011-01-18,Spring,2011,January,0,1,Cloudy,8.883347,11.61665,86.16669999999999,9,674,683,Tuesday
19,2011-01-19,Spring,2011,January,0,1,Cloudy,11.979134,14.921100000000001,74.1739,78,1572,1650,Wednesday
20,2011-01-20,Spring,2011,January,0,1,Cloudy,10.728347,12.7525,53.833299999999994,83,1844,1927,Thursday
21,2011-01-21,Spring,2011,January,0,1,Clear,7.2775,7.89165,45.7083,75,1468,1543,Friday
22,2011-01-22,Spring,2011,January,0,0,Clear,2.4243464,3.9534800000000003,40.0,93,888,981,Saturday
23,2011-01-23,Spring,2011,January,0,0,Clear,3.9573897000000002,4.941955,43.6522,150,836,986,Sunday
24,2011-01-24,Spring,2011,January,0,1,Clear,3.9930433,5.8965,49.173899999999996,86,1330,1416,Monday
25,2011-01-25,Spring,2011,January,0,1,Cloudy,9.162598000000001,11.7263,61.695699999999995,186,1799,1985,Tuesday
26,2011-01-26,Spring,2011,January,0,1,Light Rain,8.9175,10.18,86.25,34,472,506,Wednesday
27,2011-01-27,Spring,2011,January,0,1,Clear,7.995,10.985,68.75,15,416,431,Thursday
28,2011-01-28,Spring,2011,January,0,1,Cloudy,8.342597999999999,11.165849999999999,79.30430000000001,38,1129,1167,Friday
29,2011-01-29,Spring,2011,January,0,0,Clear,8.057402,10.606300000000001,65.17389999999999,123,975,1098,Saturday
30,2011-01-30,Spring,2011,January,0,0,Clear,8.877402,12.5161,72.2174,140,956,1096,Sunday
31,2011-01-31,Spring,2011,January,0,1,Cloudy,7.414153,9.3125,60.375,42,1459,1501,Monday
32,2011-02-01,Spring,2011,February,0,1,Cloudy,7.8791340000000005,11.7265,82.9565,47,1313,1360,Tuesday
33,2011-02-02,Spring,2011,February,0,1,Cloudy,10.66,12.72085,77.5417,72,1454,1526,Wednesday
34,2011-02-03,Spring,2011,February,0,1,Clear,7.665237,8.8939,43.7826,61,1489,1550,Thursday
35,2011-02-04,Spring,2011,February,0,1,Cloudy,8.663464,11.429350000000001,58.521699999999996,88,1620,1708,Friday
36,2011-02-05,Spring,2011,February,0,0,Cloudy,9.566653,12.152899999999999,92.91669999999999,100,905,1005,Saturday
37,2011-02-06,Spring,2011,February,0,0,Clear,11.719153,14.58355,56.833299999999994,354,1269,1623,Sunday
38,2011-02-07,Spring,2011,February,0,1,Clear,11.138347,15.1829,73.83330000000001,120,1592,1712,Monday
39,2011-02-08,Spring,2011,February,0,1,Clear,9.054153,9.9123,53.7917,64,1466,1530,Tuesday
40,2011-02-09,Spring,2011,February,0,1,Cloudy,5.526102999999999,7.21415,49.4783,53,1552,1605,Wednesday
41,2011-02-10,Spring,2011,February,0,1,Clear,5.918268,7.477399999999999,43.7391,47,1491,1538,Thursday
42,2011-02-11,Spring,2011,February,0,1,Clear,7.752731000000001,10.67545,50.6364,149,1597,1746,Friday
43,2011-02-12,Spring,2011,February,0,0,Clear,9.1225,11.6477,54.4167,288,1184,1472,Saturday
44,2011-02-13,Spring,2011,February,0,0,Clear,12.977402000000001,16.20565,45.7391,397,1192,1589,Sunday
45,2011-02-14,Spring,2011,February,0,1,Clear,17.015,19.9175,37.583299999999994,208,1705,1913,Monday
46,2011-02-15,Spring,2011,February,0,1,Clear,10.909567000000001,12.7137,31.434800000000003,140,1675,1815,Tuesday
47,2011-02-16,Spring,2011,February,0,1,Clear,13.048701000000001,15.809999999999999,42.3478,218,1897,2115,Wednesday
48,2011-02-17,Spring,2011,February,0,1,Clear,17.869153,21.4329,50.5,259,2216,2475,Thursday
49,2011-02-18,Spring,2011,February,0,1,Clear,21.388347,25.599149999999998,51.6667,579,2348,2927,Friday
50,2011-02-19,Spring,2011,February,0,0,Clear,16.365847,19.5702,18.7917,532,1103,1635,Saturday
51,2011-02-20,Spring,2011,February,0,0,Clear,11.693897,13.8665,40.7826,639,1173,1812,Sunday
52,2011-02-21,Spring,2011,February,1,0,Cloudy,12.436653000000002,14.203750000000001,60.5,195,912,1107,Monday
53,2011-02-22,Spring,2011,February,0,1,Clear,7.471102,9.30165,57.7778,74,1376,1450,Tuesday
54,2011-02-23,Spring,2011,February,0,1,Clear,9.091299,12.28585,42.3043,139,1778,1917,Wednesday
55,2011-02-24,Spring,2011,February,0,1,Cloudy,12.121732000000002,14.459549999999998,69.7391,100,1707,1807,Thursday
56,2011-02-25,Spring,2011,February,0,1,Cloudy,14.938268,17.52305,71.2174,120,1341,1461,Friday
57,2011-02-26,Spring,2011,February,0,0,Clear,11.5825,14.1096,53.7917,424,1545,1969,Saturday
58,2011-02-27,Spring,2011,February,0,0,Clear,14.082598,17.55545,68.0,694,1708,2402,Sunday
59,2011-02-28,Spring,2011,February,0,1,Cloudy,16.698193,20.005899999999997,87.63640000000001,81,1365,1446,Monday
60,2011-03-01,Spring,2011,March,0,1,Clear,10.933347,13.19395,53.5,137,1714,1851,Tuesday
61,2011-03-02,Spring,2011,March,0,1,Clear,13.735000000000001,16.00355,44.9583,231,1903,2134,Wednesday
62,2011-03-03,Spring,2011,March,0,1,Clear,8.131653,10.00665,31.833299999999998,123,1562,1685,Thursday
63,2011-03-04,Spring,2011,March,0,1,Cloudy,10.728347,12.783949999999999,61.0417,214,1730,1944,Friday
64,2011-03-05,Spring,2011,March,0,0,Cloudy,15.750846999999998,18.93895,78.91669999999999,640,1437,2077,Saturday
65,2011-03-06,Spring,2011,March,0,0,Cloudy,15.437402,18.3126,94.8261,114,491,605,Sunday
66,2011-03-07,Spring,2011,March,0,1,Clear,10.731299,11.92305,55.1304,244,1628,1872,Monday
67,2011-03-08,Spring,2011,March,0,1,Clear,11.9925,15.120000000000001,42.0833,316,1817,2133,Tuesday
68,2011-03-09,Spring,2011,March,0,1,Cloudy,12.129153,14.3304,77.5417,191,1700,1891,Wednesday
69,2011-03-10,Spring,2011,March,0,1,Light Rain,15.952731,19.2834,0.0,46,577,623,Thursday
70,2011-03-11,Spring,2011,March,0,1,Cloudy,12.977402000000001,15.25,64.95649999999999,247,1730,1977,Friday
71,2011-03-12,Spring,2011,March,0,0,Clear,13.495847,16.287499999999998,59.458299999999994,724,1408,2132,Saturday
72,2011-03-13,Spring,2011,March,0,0,Clear,15.758268000000001,19.004550000000002,52.73910000000001,982,1435,2417,Sunday
73,2011-03-14,Spring,2011,March,0,1,Clear,13.333896999999999,16.6,49.695699999999995,359,1687,2046,Monday
74,2011-03-15,Spring,2011,March,0,1,Cloudy,13.013031,15.908900000000001,65.5652,289,1767,2056,Tuesday
75,2011-03-16,Spring,2011,March,0,1,Cloudy,14.973897000000001,18.3465,77.65220000000001,321,1871,2192,Wednesday
76,2011-03-17,Spring,2011,March,0,1,Clear,17.015,20.51665,60.291700000000006,424,2320,2744,Thursday
77,2011-03-18,Spring,2011,March,0,1,Clear,22.14,26.35045,52.5217,884,2355,3239,Friday
78,2011-03-19,Spring,2011,March,0,0,Clear,19.3725,23.32625,37.9167,1424,1693,3117,Saturday
79,2011-03-20,Spring,2011,March,0,0,Clear,13.6325,16.287499999999998,47.375,1047,1424,2471,Sunday
80,2011-03-21,Summer,2011,March,0,1,Cloudy,17.647835,20.48675,73.73910000000001,401,1676,2077,Monday
81,2011-03-22,Summer,2011,March,0,1,Clear,18.108347,22.0321,62.4583,460,2243,2703,Tuesday
82,2011-03-23,Summer,2011,March,0,1,Cloudy,14.225237,16.89695,83.9565,203,1918,2121,Wednesday
83,2011-03-24,Summer,2011,March,0,1,Cloudy,11.684999999999999,13.541649999999999,80.58330000000001,166,1699,1865,Thursday
84,2011-03-25,Summer,2011,March,0,1,Clear,10.830846999999999,12.8156,49.5,300,1910,2210,Friday
85,2011-03-26,Summer,2011,March,0,0,Clear,10.899153,12.87855,39.4167,981,1515,2496,Saturday
86,2011-03-27,Summer,2011,March,0,0,Cloudy,10.374763000000002,12.51695,49.3913,472,1221,1693,Sunday
87,2011-03-28,Summer,2011,March,0,1,Clear,10.838268000000001,12.878700000000002,30.2174,222,1806,2028,Monday
88,2011-03-29,Summer,2011,March,0,1,Clear,12.4025,14.6454,31.4167,317,2108,2425,Tuesday
89,2011-03-30,Summer,2011,March,0,1,Cloudy,12.299999999999999,14.8675,64.6667,168,1368,1536,Wednesday
90,2011-03-31,Summer,2011,March,0,1,Light Rain,11.001653,12.87875,91.8333,179,1506,1685,Thursday
91,2011-04-01,Summer,2011,April,0,1,Cloudy,12.299999999999999,14.172699999999999,68.625,307,1920,2227,Friday
92,2011-04-02,Summer,2011,April,0,0,Cloudy,12.915000000000001,15.78185,65.375,898,1354,2252,Saturday
93,2011-04-03,Summer,2011,April,0,0,Clear,15.511652999999999,18.93835,48.0,1651,1598,3249,Sunday
94,2011-04-04,Summer,2011,April,0,1,Clear,23.506653,27.14645,42.625,734,2381,3115,Monday
95,2011-04-05,Summer,2011,April,0,1,Cloudy,16.980847,19.9175,64.2083,167,1628,1795,Tuesday
96,2011-04-06,Summer,2011,April,0,1,Clear,16.024153,19.3804,47.0833,413,2395,2808,Wednesday
97,2011-04-07,Summer,2011,April,0,1,Clear,17.9375,21.684800000000003,60.291700000000006,571,2570,3141,Thursday
98,2011-04-08,Summer,2011,April,0,1,Cloudy,13.769153,16.223950000000002,83.625,172,1299,1471,Friday
99,2011-04-09,Summer,2011,April,0,0,Cloudy,14.0425,17.07645,87.75,879,1576,2455,Saturday
100,2011-04-10,Summer,2011,April,0,0,Cloudy,17.493347,21.33685,85.75,1188,1707,2895,Sunday
101,2011-04-11,Summer,2011,April,0,1,Cloudy,24.421732,28.260849999999998,71.6956,855,2493,3348,Monday
102,2011-04-12,Summer,2011,April,0,1,Cloudy,20.6025,24.6527,73.9167,257,1777,2034,Tuesday
103,2011-04-13,Summer,2011,April,0,1,Cloudy,16.912499999999998,20.864150000000002,81.91669999999999,209,1953,2162,Wednesday
104,2011-04-14,Summer,2011,April,0,1,Clear,19.1675,23.1371,54.041700000000006,529,2738,3267,Thursday
105,2011-04-15,Summer,2011,April,1,0,Clear,18.313347,22.09565,67.125,642,2484,3126,Friday
106,2011-04-16,Summer,2011,April,0,0,Light Rain,17.664153000000002,21.2746,88.83330000000001,121,674,795,Saturday
107,2011-04-17,Summer,2011,April,0,0,Clear,18.723347,22.2848,47.9583,1558,2186,3744,Sunday
108,2011-04-18,Summer,2011,April,0,1,Clear,21.0125,25.1573,54.25,669,2760,3429,Monday
109,2011-04-19,Summer,2011,April,0,1,Cloudy,20.739152999999998,24.4629,66.5833,409,2795,3204,Tuesday
110,2011-04-20,Summer,2011,April,0,1,Clear,24.395,28.2196,61.4167,613,3331,3944,Wednesday
111,2011-04-21,Summer,2011,April,0,1,Clear,18.825847,22.6946,40.708299999999994,745,3444,4189,Thursday
112,2011-04-22,Summer,2011,April,0,1,Cloudy,13.803347,16.0977,72.9583,177,1506,1683,Friday
113,2011-04-23,Summer,2011,April,0,0,Cloudy,18.86,22.50605,88.79169999999999,1462,2574,4036,Saturday
114,2011-04-24,Summer,2011,April,0,0,Cloudy,23.848347,27.58815,81.08330000000001,1710,2481,4191,Sunday
115,2011-04-25,Summer,2011,April,0,1,Clear,24.873347,28.725,77.6667,773,3300,4073,Monday
116,2011-04-26,Summer,2011,April,0,1,Clear,25.898346999999998,29.704150000000002,72.9167,678,3722,4400,Tuesday
117,2011-04-27,Summer,2011,April,0,1,Cloudy,25.419999999999998,28.7571,83.54169999999999,547,3325,3872,Wednesday
118,2011-04-28,Summer,2011,April,0,1,Cloudy,25.317500000000003,28.946450000000002,70.08330000000001,569,3489,4058,Thursday
119,2011-04-29,Summer,2011,April,0,1,Clear,20.91,24.87315,45.7083,878,3717,4595,Friday
120,2011-04-30,Summer,2011,April,0,0,Clear,19.3725,23.201050000000002,50.3333,1965,3347,5312,Saturday
121,2011-05-01,Summer,2011,May,0,0,Cloudy,18.518347,22.4102,76.2083,1138,2213,3351,Sunday
122,2011-05-02,Summer,2011,May,0,1,Cloudy,22.515846999999997,26.64165,73.0,847,3554,4401,Monday
123,2011-05-03,Summer,2011,May,0,1,Cloudy,25.283347,29.10395,69.7083,603,3848,4451,Tuesday
124,2011-05-04,Summer,2011,May,0,1,Cloudy,16.980847,20.2325,73.70830000000001,255,2378,2633,Wednesday
125,2011-05-05,Summer,2011,May,0,1,Clear,18.825847,22.09585,44.4167,614,3819,4433,Thursday
126,2011-05-06,Summer,2011,May,0,1,Clear,19.645847,23.70585,59.0,894,3714,4608,Friday
127,2011-05-07,Summer,2011,May,0,0,Clear,21.32,25.63105,54.125,1612,3102,4714,Saturday
128,2011-05-08,Summer,2011,May,0,0,Clear,21.661653,25.946649999999998,63.1667,1401,2932,4333,Sunday
129,2011-05-09,Summer,2011,May,0,1,Clear,21.8325,26.2623,58.875,664,3698,4362,Monday
130,2011-05-10,Summer,2011,May,0,1,Clear,21.8325,26.13605,48.9167,694,4109,4803,Tuesday
131,2011-05-11,Summer,2011,May,0,1,Clear,22.2425,26.419999999999998,63.29169999999999,550,3632,4182,Wednesday
132,2011-05-12,Summer,2011,May,0,1,Clear,21.935000000000002,26.16815,74.75,695,4169,4864,Thursday
133,2011-05-13,Summer,2011,May,0,1,Cloudy,21.0125,24.715,86.33330000000001,692,3413,4105,Friday
134,2011-05-14,Summer,2011,May,0,0,Cloudy,21.354153,25.03145,92.25,902,2507,3409,Saturday
135,2011-05-15,Summer,2011,May,0,0,Cloudy,23.0625,26.8,86.70830000000001,1582,2971,4553,Sunday
136,2011-05-16,Summer,2011,May,0,1,Clear,23.677500000000002,27.5256,78.79169999999999,773,3185,3958,Monday
137,2011-05-17,Summer,2011,May,0,1,Cloudy,23.028347,26.926450000000003,83.7917,678,3445,4123,Tuesday
138,2011-05-18,Summer,2011,May,0,1,Cloudy,22.55,26.3579,87.0,536,3319,3855,Wednesday
139,2011-05-19,Summer,2011,May,0,1,Cloudy,21.764153,25.537100000000002,82.9583,735,3840,4575,Thursday
140,2011-05-20,Summer,2011,May,0,1,Clear,22.003347,26.4521,71.9583,909,4008,4917,Friday
141,2011-05-21,Summer,2011,May,0,0,Clear,24.7025,28.59875,62.6667,2258,3547,5805,Saturday
142,2011-05-22,Summer,2011,May,0,0,Clear,24.770847,28.725,74.9583,1576,3084,4660,Sunday
143,2011-05-23,Summer,2011,May,0,1,Cloudy,25.898346999999998,29.5148,81.0,836,3438,4274,Monday
144,2011-05-24,Summer,2011,May,0,1,Cloudy,27.060000000000002,30.240650000000002,74.0833,659,3833,4492,Tuesday
145,2011-05-25,Summer,2011,May,0,1,Clear,27.094153,30.7771,69.625,740,4238,4978,Wednesday
146,2011-05-26,Summer,2011,May,0,1,Clear,29.041653,32.7344,67.75,758,3919,4677,Thursday
147,2011-05-27,Summer,2011,May,0,1,Clear,27.948347000000002,31.8504,65.375,871,3808,4679,Friday
148,2011-05-28,Summer,2011,May,0,0,Clear,26.889153,30.61895,72.9583,2001,2757,4758,Saturday
149,2011-05-29,Summer,2011,May,0,0,Clear,27.3675,30.777500000000003,81.875,2355,2433,4788,Sunday
150,2011-05-30,Summer,2011,May,1,0,Clear,30.066653000000002,33.5546,68.5,1549,2549,4098,Monday
151,2011-05-31,Summer,2011,May,0,1,Clear,31.775000000000002,36.26915,63.6667,673,3309,3982,Tuesday
152,2011-06-01,Summer,2011,June,0,1,Cloudy,31.330847000000002,36.04835,67.7083,513,3461,3974,Wednesday
153,2011-06-02,Summer,2011,June,0,1,Clear,29.314999999999998,32.1971,30.5,736,4232,4968,Thursday
154,2011-06-03,Summer,2011,June,0,1,Clear,25.419999999999998,29.356650000000002,35.4167,898,4414,5312,Friday
155,2011-06-04,Summer,2011,June,0,0,Clear,26.035,29.7348,45.625,1869,3473,5342,Saturday
156,2011-06-05,Summer,2011,June,0,0,Cloudy,26.581653000000003,30.8402,65.25,1685,3221,4906,Sunday
157,2011-06-06,Summer,2011,June,0,1,Clear,27.811653,31.0929,60.0,673,3875,4548,Monday
158,2011-06-07,Summer,2011,June,0,1,Clear,29.0075,32.7975,59.791700000000006,763,4070,4833,Tuesday
159,2011-06-08,Summer,2011,June,0,1,Clear,31.809153,36.36395,62.20830000000001,676,3725,4401,Wednesday
160,2011-06-09,Summer,2011,June,0,1,Cloudy,33.141653,37.87895,56.833299999999994,563,3352,3915,Thursday
161,2011-06-10,Summer,2011,June,0,1,Clear,30.955000000000002,35.1646,60.5,815,3771,4586,Friday
162,2011-06-11,Summer,2011,June,0,0,Clear,29.724999999999998,33.901900000000005,65.45830000000001,1729,3237,4966,Saturday
163,2011-06-12,Summer,2011,June,0,0,Clear,28.392500000000002,32.166250000000005,74.7917,1467,2993,4460,Sunday
164,2011-06-13,Summer,2011,June,0,1,Clear,26.035,30.082700000000003,49.4583,863,4157,5020,Monday
165,2011-06-14,Summer,2011,June,0,1,Clear,24.770847,29.5773,50.708299999999994,727,4164,4891,Tuesday
166,2011-06-15,Summer,2011,June,0,1,Clear,25.693347,29.3877,47.1667,769,4411,5180,Wednesday
167,2011-06-16,Summer,2011,June,0,1,Cloudy,25.761653000000003,29.767300000000002,68.8333,545,3222,3767,Thursday
168,2011-06-17,Summer,2011,June,0,1,Clear,26.615847000000002,30.01915,73.5833,863,3981,4844,Friday
169,2011-06-18,Summer,2011,June,0,0,Clear,28.563347,32.197700000000005,67.0417,1807,3312,5119,Saturday
170,2011-06-19,Summer,2011,June,0,0,Cloudy,28.665847,32.292300000000004,66.6667,1639,3105,4744,Sunday
171,2011-06-20,Summer,2011,June,0,1,Cloudy,26.035,29.767300000000002,74.625,699,3311,4010,Monday
172,2011-06-21,Fall,2011,June,0,1,Cloudy,27.914153000000002,31.8823,77.0417,774,4061,4835,Tuesday
173,2011-06-22,Fall,2011,June,0,1,Clear,30.066653000000002,34.69145,70.75,661,3846,4507,Wednesday
174,2011-06-23,Fall,2011,June,0,1,Cloudy,29.861653,34.69165,70.3333,746,4044,4790,Thursday
175,2011-06-24,Fall,2011,June,0,1,Clear,29.690847,32.82915,57.3333,969,4022,4991,Friday
176,2011-06-25,Fall,2011,June,0,0,Clear,28.494999999999997,32.16565,48.3333,1782,3420,5202,Saturday
177,2011-06-26,Fall,2011,June,0,0,Clear,27.880000000000003,31.88145,51.3333,1920,3385,5305,Sunday
178,2011-06-27,Fall,2011,June,0,1,Cloudy,27.982499999999998,31.8502,65.8333,854,3854,4708,Monday
179,2011-06-28,Fall,2011,June,0,1,Clear,30.510847000000002,34.6279,63.416700000000006,732,3916,4648,Tuesday
180,2011-06-29,Fall,2011,June,0,1,Clear,29.861653,32.7344,49.7917,848,4377,5225,Wednesday
181,2011-06-30,Fall,2011,June,0,1,Clear,28.563347,31.8504,43.416700000000006,1027,4488,5515,Thursday
182,2011-07-01,Fall,2011,July,0,1,Clear,29.622500000000002,32.6081,39.625,1246,4116,5362,Friday
183,2011-07-02,Fall,2011,July,0,0,Clear,30.271653,33.3654,44.4583,2204,2915,5119,Saturday
184,2011-07-03,Fall,2011,July,0,0,Cloudy,29.383347,33.42875,68.25,2282,2367,4649,Sunday
185,2011-07-04,Fall,2011,July,1,0,Cloudy,29.793346999999997,33.27085,63.7917,3065,2978,6043,Monday
186,2011-07-05,Fall,2011,July,0,1,Clear,30.613346999999997,34.816900000000004,59.0417,1031,3634,4665,Tuesday
187,2011-07-06,Fall,2011,July,0,1,Clear,29.52,34.28165,74.33330000000001,784,3845,4629,Wednesday
188,2011-07-07,Fall,2011,July,0,1,Clear,30.75,34.34355,65.125,754,3838,4592,Thursday
189,2011-07-08,Fall,2011,July,0,1,Cloudy,29.075847,33.524150000000006,75.79169999999999,692,3348,4040,Friday
190,2011-07-09,Fall,2011,July,0,0,Clear,30.066653000000002,33.2079,60.9167,1988,3348,5336,Saturday
191,2011-07-10,Fall,2011,July,0,0,Clear,30.6475,34.50125,57.8333,1743,3138,4881,Sunday
192,2011-07-11,Fall,2011,July,0,1,Clear,31.2625,36.4902,63.5833,723,3363,4086,Monday
193,2011-07-12,Fall,2011,July,0,1,Clear,32.560846999999995,36.96375,55.9167,662,3596,4258,Tuesday
194,2011-07-13,Fall,2011,July,0,1,Clear,30.613346999999997,34.4702,63.1667,748,3594,4342,Wednesday
195,2011-07-14,Fall,2011,July,0,1,Clear,27.914153000000002,31.7552,47.625,888,4196,5084,Thursday
196,2011-07-15,Fall,2011,July,0,1,Clear,27.196652999999998,31.21855,59.12500000000001,1318,4220,5538,Friday
197,2011-07-16,Fall,2011,July,0,0,Clear,28.153347,31.91315,58.5,2418,3505,5923,Saturday
198,2011-07-17,Fall,2011,July,0,0,Clear,29.485847,33.49165,60.4167,2006,3296,5302,Sunday
199,2011-07-18,Fall,2011,July,0,1,Clear,30.613346999999997,35.19625,65.125,841,3617,4458,Monday
200,2011-07-19,Fall,2011,July,0,1,Clear,31.843347,37.37395,65.0417,752,3789,4541,Tuesday
201,2011-07-20,Fall,2011,July,0,1,Clear,31.501653,37.3425,70.70830000000001,644,3688,4332,Wednesday
202,2011-07-21,Fall,2011,July,0,1,Cloudy,33.415,41.31855,69.125,632,3152,3784,Thursday
203,2011-07-22,Fall,2011,July,0,1,Clear,34.781653,42.0448,58.0417,562,2825,3387,Friday
204,2011-07-23,Fall,2011,July,0,0,Clear,34.815847,40.214349999999996,50.0,987,2298,3285,Saturday
205,2011-07-24,Fall,2011,July,0,0,Clear,34.03,39.74145,55.0833,1050,2556,3606,Sunday
206,2011-07-25,Fall,2011,July,0,1,Clear,30.476653000000002,36.0479,75.7083,568,3272,3840,Monday
207,2011-07-26,Fall,2011,July,0,1,Clear,31.638347,34.84895,54.0833,750,3840,4590,Tuesday
208,2011-07-27,Fall,2011,July,0,1,Clear,31.775000000000002,34.53335,40.291700000000006,755,3901,4656,Wednesday
209,2011-07-28,Fall,2011,July,0,1,Clear,31.945847,36.995,58.3333,606,3784,4390,Thursday
210,2011-07-29,Fall,2011,July,0,1,Clear,34.371653,39.29835,54.25,670,3176,3846,Friday
211,2011-07-30,Fall,2011,July,0,0,Clear,32.970847,36.42685,46.5833,1559,2916,4475,Saturday
212,2011-07-31,Fall,2011,July,0,0,Clear,33.039153,36.4898,48.0833,1524,2778,4302,Sunday
213,2011-08-01,Fall,2011,August,0,1,Clear,31.638347,35.1646,55.0833,729,3537,4266,Monday
214,2011-08-02,Fall,2011,August,0,1,Clear,32.116653,35.35355,49.125,801,4044,4845,Tuesday
215,2011-08-03,Fall,2011,August,0,1,Cloudy,29.998347,33.99685,65.75,467,3107,3574,Wednesday
216,2011-08-04,Fall,2011,August,0,1,Cloudy,29.11,33.2394,75.75,799,3777,4576,Thursday
217,2011-08-05,Fall,2011,August,0,1,Clear,29.144153000000003,32.82835,63.083299999999994,1023,3843,4866,Friday
218,2011-08-06,Fall,2011,August,0,0,Cloudy,29.383347,33.807700000000004,75.5,1521,2773,4294,Saturday
219,2011-08-07,Fall,2011,August,0,0,Clear,30.442500000000003,35.7646,75.29169999999999,1298,2487,3785,Sunday
220,2011-08-08,Fall,2011,August,0,1,Clear,31.365000000000002,35.16415,59.2083,846,3480,4326,Monday
221,2011-08-09,Fall,2011,August,0,1,Clear,31.775000000000002,36.20605,57.04169999999999,907,3695,4602,Tuesday
222,2011-08-10,Fall,2011,August,0,1,Clear,31.433346999999998,34.24915,42.4167,884,3896,4780,Wednesday
223,2011-08-11,Fall,2011,August,0,1,Clear,29.4175,32.57605,42.375,812,3980,4792,Thursday
224,2011-08-12,Fall,2011,August,0,1,Clear,29.041653,32.7021,41.5,1051,3854,4905,Friday
225,2011-08-13,Fall,2011,August,0,0,Cloudy,28.119153,32.2929,72.9583,1504,2646,4150,Saturday
226,2011-08-14,Fall,2011,August,0,0,Cloudy,27.743347,31.219400000000004,81.75,1338,2482,3820,Sunday
227,2011-08-15,Fall,2011,August,0,1,Clear,27.299153,30.80835,71.20830000000001,775,3563,4338,Monday
228,2011-08-16,Fall,2011,August,0,1,Clear,28.734153000000003,32.29185,57.8333,721,4004,4725,Tuesday
229,2011-08-17,Fall,2011,August,0,1,Clear,29.656653,33.33355,57.5417,668,4026,4694,Wednesday
230,2011-08-18,Fall,2011,August,0,1,Clear,29.178347000000002,33.1129,65.45830000000001,639,3166,3805,Thursday
231,2011-08-19,Fall,2011,August,0,1,Cloudy,28.085,31.661050000000003,72.2917,797,3356,4153,Friday
232,2011-08-20,Fall,2011,August,0,0,Clear,28.5975,32.4498,67.41669999999999,1914,3277,5191,Saturday
233,2011-08-21,Fall,2011,August,0,0,Clear,29.144153000000003,33.776250000000005,77.0,1249,2624,3873,Sunday
234,2011-08-22,Fall,2011,August,0,1,Clear,28.358347000000002,31.9127,47.0,833,3925,4758,Monday
235,2011-08-23,Fall,2011,August,0,1,Clear,26.274153,30.303350000000002,45.5417,1281,4614,5895,Tuesday
236,2011-08-24,Fall,2011,August,0,1,Clear,27.606652999999998,31.5346,60.5,949,4181,5130,Wednesday
237,2011-08-25,Fall,2011,August,0,1,Cloudy,28.050846999999997,32.2927,77.1667,435,3107,3542,Thursday
238,2011-08-26,Fall,2011,August,0,1,Clear,28.7,32.98665,76.125,768,3893,4661,Friday
239,2011-08-27,Fall,2011,August,0,0,Cloudy,27.880000000000003,31.7778,85.0,226,889,1115,Saturday
240,2011-08-28,Fall,2011,August,0,0,Clear,28.989418999999998,32.397949999999994,56.1765,1415,2919,4334,Sunday
241,2011-08-29,Fall,2011,August,0,1,Clear,26.103347,30.3979,55.45830000000001,729,3905,4634,Monday
242,2011-08-30,Fall,2011,August,0,1,Clear,26.205847000000002,29.7352,54.833299999999994,775,4429,5204,Tuesday
243,2011-08-31,Fall,2011,August,0,1,Clear,26.923347,30.556050000000003,59.791700000000006,688,4370,5058,Wednesday
244,2011-09-01,Fall,2011,September,0,1,Clear,26.855,30.746050000000004,63.916700000000006,783,4332,5115,Thursday
245,2011-09-02,Fall,2011,September,0,1,Cloudy,26.376653,30.2404,72.70830000000001,875,3852,4727,Friday
246,2011-09-03,Fall,2011,September,0,0,Clear,27.435847,31.66065,71.6667,1935,2549,4484,Saturday
247,2011-09-04,Fall,2011,September,0,0,Clear,29.075847,33.27145,74.20830000000001,2521,2419,4940,Sunday
248,2011-09-05,Fall,2011,September,1,0,Cloudy,27.606652999999998,31.282300000000003,79.0417,1236,2115,3351,Monday
249,2011-09-06,Fall,2011,September,0,1,Light Rain,22.14,25.759999999999998,88.6957,204,2506,2710,Tuesday
250,2011-09-07,Fall,2011,September,0,1,Light Rain,24.565847,27.21145,91.7083,118,1878,1996,Wednesday
251,2011-09-08,Fall,2011,September,0,1,Light Rain,25.990433,27.76805,93.9565,153,1689,1842,Thursday
252,2011-09-09,Fall,2011,September,0,1,Cloudy,26.650000000000002,28.9473,89.79169999999999,417,3127,3544,Friday
253,2011-09-10,Fall,2011,September,0,0,Clear,27.060000000000002,30.3981,75.375,1750,3595,5345,Saturday
254,2011-09-11,Fall,2011,September,0,0,Clear,26.786653,30.46145,71.375,1633,3413,5046,Sunday
255,2011-09-12,Fall,2011,September,0,1,Clear,26.418268,30.106500000000004,69.2174,690,4023,4713,Monday
256,2011-09-13,Fall,2011,September,0,1,Clear,26.684153,30.1777,71.25,701,4062,4763,Tuesday
257,2011-09-14,Fall,2011,September,0,1,Clear,27.606652999999998,31.345,69.7083,647,4138,4785,Wednesday
258,2011-09-15,Fall,2011,September,0,1,Cloudy,23.677500000000002,27.68355,70.9167,428,3231,3659,Thursday
259,2011-09-16,Fall,2011,September,0,1,Cloudy,19.235847,23.07375,59.0417,742,4018,4760,Friday
260,2011-09-17,Fall,2011,September,0,0,Cloudy,20.158347,23.9256,71.8333,1434,3077,4511,Saturday
261,2011-09-18,Fall,2011,September,0,0,Clear,20.807499999999997,24.52685,69.5,1353,2921,4274,Sunday
262,2011-09-19,Fall,2011,September,0,1,Cloudy,22.515846999999997,26.48375,69.0,691,3848,4539,Monday
263,2011-09-20,Fall,2011,September,0,1,Cloudy,23.028347,26.610850000000003,88.125,438,3203,3641,Tuesday
264,2011-09-21,Fall,2011,September,0,1,Cloudy,24.395,27.526650000000004,90.0,539,3813,4352,Wednesday
265,2011-09-22,Fall,2011,September,0,1,Cloudy,25.761653000000003,27.74815,90.2083,555,4240,4795,Thursday
266,2011-09-23,Winter,2011,September,0,1,Cloudy,24.975847,26.106249999999996,97.25,258,2137,2395,Friday
267,2011-09-24,Winter,2011,September,0,0,Cloudy,24.873347,28.2206,86.25,1776,3647,5423,Saturday
268,2011-09-25,Winter,2011,September,0,0,Cloudy,26.000847,28.631849999999996,84.5,1544,3466,5010,Sunday
269,2011-09-26,Winter,2011,September,0,1,Cloudy,26.615847000000002,29.452099999999998,84.8333,684,3946,4630,Monday
270,2011-09-27,Winter,2011,September,0,1,Cloudy,26.103347,28.726249999999997,88.5417,477,3643,4120,Tuesday
271,2011-09-28,Winter,2011,September,0,1,Cloudy,26.035,28.757899999999996,84.875,480,3427,3907,Wednesday
272,2011-09-29,Winter,2011,September,0,1,Clear,25.283347,28.7256,69.91669999999999,653,4186,4839,Thursday
273,2011-09-30,Winter,2011,September,0,1,Clear,23.130847,27.24145,64.75,830,4372,5202,Friday
274,2011-10-01,Winter,2011,October,0,0,Cloudy,16.81,20.64315,75.375,480,1949,2429,Saturday
275,2011-10-02,Winter,2011,October,0,0,Cloudy,14.623347,17.26585,79.1667,616,2302,2918,Sunday
276,2011-10-03,Winter,2011,October,0,1,Cloudy,15.750846999999998,19.6023,76.0833,330,3240,3570,Monday
277,2011-10-04,Winter,2011,October,0,1,Clear,19.850847,23.6429,71.0,486,3970,4456,Tuesday
278,2011-10-05,Winter,2011,October,0,1,Clear,22.071652999999998,26.3569,64.79169999999999,559,4267,4826,Wednesday
279,2011-10-06,Winter,2011,October,0,1,Clear,20.260847000000002,24.02125,62.083299999999994,639,4126,4765,Thursday
280,2011-10-07,Winter,2011,October,0,1,Clear,20.944153,25.2202,68.41669999999999,949,4036,4985,Friday
281,2011-10-08,Winter,2011,October,0,0,Clear,21.388347,25.6621,70.125,2235,3174,5409,Saturday
282,2011-10-09,Winter,2011,October,0,0,Clear,22.174153,26.19915,72.75,2397,3114,5511,Sunday
283,2011-10-10,Winter,2011,October,1,0,Clear,23.404153,27.14625,73.375,1514,3603,5117,Monday
284,2011-10-11,Winter,2011,October,0,1,Cloudy,23.233347000000002,27.3048,80.875,667,3896,4563,Tuesday
285,2011-10-12,Winter,2011,October,0,1,Light Rain,22.276653,25.885849999999998,90.625,217,2199,2416,Wednesday
286,2011-10-13,Winter,2011,October,0,1,Cloudy,24.155847,27.5902,89.6667,290,2623,2913,Thursday
287,2011-10-14,Winter,2011,October,0,1,Cloudy,22.584153,26.48375,71.625,529,3115,3644,Friday
288,2011-10-15,Winter,2011,October,0,0,Clear,20.773346999999998,24.936249999999998,48.3333,1899,3318,5217,Saturday
289,2011-10-16,Winter,2011,October,0,0,Clear,20.978347,25.1577,48.6667,1748,3293,5041,Sunday
290,2011-10-17,Winter,2011,October,0,1,Clear,21.900847,25.53625,57.958299999999994,713,3857,4570,Monday
291,2011-10-18,Winter,2011,October,0,1,Cloudy,21.8325,26.13605,70.1667,637,4111,4748,Tuesday
292,2011-10-19,Winter,2011,October,0,1,Light Rain,22.211299,25.6924,89.52170000000001,254,2170,2424,Wednesday
293,2011-10-20,Winter,2011,October,0,1,Clear,19.509153,23.32625,63.625,471,3724,4195,Thursday
294,2011-10-21,Winter,2011,October,0,1,Clear,17.5275,21.1798,57.4167,676,3628,4304,Friday
295,2011-10-22,Winter,2011,October,0,0,Clear,17.322499999999998,21.2746,62.916700000000006,1499,2809,4308,Saturday
296,2011-10-23,Winter,2011,October,0,0,Clear,17.288347,21.11665,74.125,1619,2762,4381,Sunday
297,2011-10-24,Winter,2011,October,0,1,Clear,18.996653,22.85335,77.2083,699,3488,4187,Monday
298,2011-10-25,Winter,2011,October,0,1,Clear,19.338347,23.16875,62.291700000000006,695,3992,4687,Tuesday
299,2011-10-26,Winter,2011,October,0,1,Cloudy,19.850847,23.6423,72.04169999999999,404,3490,3894,Wednesday
300,2011-10-27,Winter,2011,October,0,1,Cloudy,19.27,22.8523,81.2917,240,2419,2659,Thursday
301,2011-10-28,Winter,2011,October,0,1,Cloudy,13.564153,15.9406,58.58330000000001,456,3291,3747,Friday
302,2011-10-29,Winter,2011,October,0,0,Light Rain,10.420846999999998,11.39565,88.25,57,570,627,Saturday
303,2011-10-30,Winter,2011,October,0,0,Clear,13.085847,16.06645,62.375,885,2446,3331,Sunday
304,2011-10-31,Winter,2011,October,0,1,Clear,13.940000000000001,17.803150000000002,70.3333,362,3307,3669,Monday
305,2011-11-01,Winter,2011,November,0,1,Clear,16.434153,19.8544,68.375,410,3658,4068,Tuesday
306,2011-11-02,Winter,2011,November,0,1,Clear,15.477500000000001,19.50665,71.875,370,3816,4186,Wednesday
307,2011-11-03,Winter,2011,November,0,1,Clear,16.741653,20.296049999999997,70.20830000000001,318,3656,3974,Thursday
308,2011-11-04,Winter,2011,November,0,1,Cloudy,16.536653,20.1696,62.25000000000001,470,3576,4046,Friday
309,2011-11-05,Winter,2011,November,0,0,Clear,13.393346999999999,16.1927,51.916700000000006,1156,2770,3926,Saturday
310,2011-11-06,Winter,2011,November,0,0,Clear,14.281653,18.117900000000002,73.4583,952,2697,3649,Sunday
311,2011-11-07,Winter,2011,November,0,1,Clear,16.195,20.04355,75.875,373,3662,4035,Monday
312,2011-11-08,Winter,2011,November,0,1,Clear,16.741653,20.6123,72.16669999999999,376,3829,4205,Tuesday
313,2011-11-09,Winter,2011,November,0,1,Clear,16.400000000000002,20.453950000000003,75.83330000000001,305,3804,4109,Wednesday
314,2011-11-10,Winter,2011,November,0,1,Cloudy,15.58,18.68605,81.3333,190,2743,2933,Thursday
315,2011-11-11,Winter,2011,November,1,0,Clear,13.290847,15.34085,44.625,440,2928,3368,Friday
316,2011-11-12,Winter,2011,November,0,0,Clear,14.623347,17.8971,55.2917,1275,2792,4067,Saturday
317,2011-11-13,Winter,2011,November,0,0,Clear,18.074153,21.5275,45.8333,1004,2713,3717,Sunday
318,2011-11-14,Winter,2011,November,0,1,Clear,21.73,26.2306,58.7083,595,3891,4486,Monday
319,2011-11-15,Winter,2011,November,0,1,Cloudy,21.73,25.37895,68.875,449,3746,4195,Tuesday
320,2011-11-16,Winter,2011,November,0,1,Light Rain,18.723347,22.5994,93.0,145,1672,1817,Wednesday
321,2011-11-17,Winter,2011,November,0,1,Cloudy,14.008347,16.16105,57.5833,139,2914,3053,Thursday
322,2011-11-18,Winter,2011,November,0,1,Clear,11.240847,13.63605,41.0,245,3147,3392,Friday
323,2011-11-19,Winter,2011,November,0,0,Clear,13.495847,16.22415,50.208299999999994,943,2720,3663,Saturday
324,2011-11-20,Winter,2011,November,0,0,Cloudy,18.996653,22.8529,68.45830000000001,787,2733,3520,Sunday
325,2011-11-21,Winter,2011,November,0,1,Light Rain,18.3475,22.2531,91.0,220,2545,2765,Monday
326,2011-11-22,Winter,2011,November,0,1,Light Rain,17.083347,21.0848,96.25,69,1538,1607,Tuesday
327,2011-11-23,Winter,2011,November,0,1,Cloudy,18.074153,21.52685,75.79169999999999,112,2454,2566,Wednesday
328,2011-11-24,Winter,2011,November,1,0,Clear,15.306653,18.62355,54.9167,560,935,1495,Thursday
329,2011-11-25,Winter,2011,November,0,1,Clear,15.375,19.033549999999998,64.375,1095,1697,2792,Friday
330,2011-11-26,Winter,2011,November,0,0,Clear,15.409152999999998,19.254350000000002,68.1667,1249,1819,3068,Saturday
331,2011-11-27,Winter,2011,November,0,0,Clear,18.825847,22.79,69.8333,810,2261,3071,Sunday
332,2011-11-28,Winter,2011,November,0,1,Clear,20.642598,24.5061,74.3043,253,3614,3867,Monday
333,2011-11-29,Winter,2011,November,0,1,Cloudy,18.791653,22.56875,83.08330000000001,96,2818,2914,Tuesday
334,2011-11-30,Winter,2011,November,0,1,Clear,13.325000000000001,15.561050000000002,61.3333,188,3425,3613,Wednesday
335,2011-12-01,Winter,2011,December,0,1,Clear,12.8125,15.2777,52.4583,182,3545,3727,Thursday
336,2011-12-02,Winter,2011,December,0,1,Clear,12.880847,16.571649999999998,62.583299999999994,268,3672,3940,Friday
337,2011-12-03,Winter,2011,December,0,0,Clear,12.265847,15.530199999999999,61.291700000000006,706,2908,3614,Saturday
338,2011-12-04,Winter,2011,December,0,0,Clear,13.564153,17.455000000000002,77.5833,634,2851,3485,Sunday
339,2011-12-05,Winter,2011,December,0,1,Cloudy,15.819153,19.696250000000003,82.70830000000001,233,3578,3811,Monday
340,2011-12-06,Winter,2011,December,0,1,Light Rain,18.962500000000002,22.82,94.9583,126,2468,2594,Tuesday
341,2011-12-07,Winter,2011,December,0,1,Light Rain,16.81,20.0123,97.04169999999999,50,655,705,Wednesday
342,2011-12-08,Winter,2011,December,0,1,Clear,10.899153,12.8469,57.99999999999999,150,3172,3322,Thursday
343,2011-12-09,Winter,2011,December,0,1,Clear,11.924153,15.877099999999999,69.58330000000001,261,3359,3620,Friday
344,2011-12-10,Winter,2011,December,0,0,Clear,11.275,13.320599999999999,50.74999999999999,502,2688,3190,Saturday
345,2011-12-11,Winter,2011,December,0,0,Clear,9.054153,12.6577,49.0,377,2366,2743,Sunday
346,2011-12-12,Winter,2011,December,0,1,Clear,9.771652999999999,13.5098,67.08330000000001,143,3167,3310,Monday
347,2011-12-13,Winter,2011,December,0,1,Clear,11.5825,15.0569,59.0,155,3368,3523,Tuesday
348,2011-12-14,Winter,2011,December,0,1,Cloudy,13.0175,16.9181,66.375,178,3562,3740,Wednesday
349,2011-12-15,Winter,2011,December,0,1,Cloudy,17.322499999999998,20.61185,63.416700000000006,181,3528,3709,Thursday
350,2011-12-16,Winter,2011,December,0,1,Cloudy,15.375,17.99125,50.0417,178,3399,3577,Friday
351,2011-12-17,Winter,2011,December,0,0,Cloudy,10.591652999999999,12.46855,56.0833,275,2464,2739,Saturday
352,2011-12-18,Winter,2011,December,0,0,Clear,9.771652999999999,12.27895,58.62500000000001,220,2211,2431,Sunday
353,2011-12-19,Winter,2011,December,0,1,Clear,11.343347,14.04665,63.74999999999999,260,3143,3403,Monday
354,2011-12-20,Winter,2011,December,0,1,Cloudy,15.819153,19.822699999999998,59.5417,216,3534,3750,Tuesday
355,2011-12-21,Spring,2011,December,0,1,Cloudy,17.561653,21.40085,85.83330000000001,107,2553,2660,Wednesday
356,2011-12-22,Spring,2011,December,0,1,Cloudy,17.356653,21.306050000000003,75.75,227,2841,3068,Thursday
357,2011-12-23,Spring,2011,December,0,1,Clear,15.306653,18.87565,68.625,163,2046,2209,Friday
358,2011-12-24,Spring,2011,December,0,0,Clear,12.4025,14.9621,54.25,155,856,1011,Saturday
359,2011-12-25,Spring,2011,December,0,0,Clear,11.266103,13.998050000000001,68.13040000000001,303,451,754,Sunday
360,2011-12-26,Spring,2011,December,1,0,Clear,13.191299,15.77675,50.6957,430,887,1317,Monday
361,2011-12-27,Spring,2011,December,0,1,Cloudy,13.325000000000001,16.38165,76.25,103,1059,1162,Tuesday
362,2011-12-28,Spring,2011,December,0,1,Clear,12.264330000000001,13.9987,50.39130000000001,255,2047,2302,Wednesday
363,2011-12-29,Spring,2011,December,0,1,Clear,10.181653,13.194600000000001,57.4167,254,2169,2423,Thursday
364,2011-12-30,Spring,2011,December,0,1,Clear,12.778347000000002,15.9406,63.6667,491,2508,2999,Friday
365,2011-12-31,Spring,2011,December,0,0,Clear,16.81,20.70605,61.583299999999994,665,1820,2485,Saturday
366,2012-01-01,Spring,2012,January,0,0,Clear,15.17,18.78105,69.25,686,1608,2294,Sunday
367,2012-01-02,Spring,2012,January,1,0,Clear,11.194763,12.615199999999998,38.130399999999995,244,1707,1951,Monday
368,2012-01-03,Spring,2012,January,0,1,Clear,6.1499999999999995,6.31375,44.125,89,2147,2236,Tuesday
369,2012-01-04,Spring,2012,January,0,1,Cloudy,4.4075,5.96685,41.4583,95,2273,2368,Wednesday
370,2012-01-05,Spring,2012,January,0,1,Clear,10.899153,13.9206,52.416700000000006,140,3132,3272,Thursday
371,2012-01-06,Spring,2012,January,0,1,Clear,13.700847,17.01335,54.2083,307,3791,4098,Friday
372,2012-01-07,Spring,2012,January,0,0,Clear,16.126653,19.53895,53.1667,1070,3451,4521,Saturday
373,2012-01-08,Spring,2012,January,0,0,Clear,13.8375,17.012900000000002,46.5,599,2826,3425,Sunday
374,2012-01-09,Spring,2012,January,0,1,Cloudy,9.190847,12.37395,70.1667,106,2270,2376,Monday
375,2012-01-10,Spring,2012,January,0,1,Clear,12.656536000000001,15.9413,64.65220000000001,173,3425,3598,Tuesday
376,2012-01-11,Spring,2012,January,0,1,Cloudy,11.240847,14.14105,84.75,92,2085,2177,Wednesday
377,2012-01-12,Spring,2012,January,0,1,Cloudy,15.682500000000001,19.0969,80.2917,269,3828,4097,Thursday
378,2012-01-13,Spring,2012,January,0,1,Clear,11.240847,12.4681,50.74999999999999,174,3040,3214,Friday
379,2012-01-14,Spring,2012,January,0,0,Clear,7.38,9.15435,45.75,333,2160,2493,Saturday
380,2012-01-15,Spring,2012,January,0,0,Clear,6.833347000000001,8.081249999999999,41.9167,284,2027,2311,Sunday
381,2012-01-16,Spring,2012,January,1,0,Clear,7.79,9.53315,52.25,217,2081,2298,Monday
382,2012-01-17,Spring,2012,January,0,1,Cloudy,15.294763,18.2139,71.6087,127,2808,2935,Tuesday
383,2012-01-18,Spring,2012,January,0,1,Clear,12.436653000000002,13.7627,44.333299999999994,109,3267,3376,Wednesday
384,2012-01-19,Spring,2012,January,0,1,Clear,7.79,9.501900000000001,49.75,130,3162,3292,Thursday
385,2012-01-20,Spring,2012,January,0,1,Cloudy,8.9175,11.047899999999998,45.0,115,3048,3163,Friday
386,2012-01-21,Spring,2012,January,0,0,Cloudy,7.106653,8.74375,83.125,67,1234,1301,Saturday
387,2012-01-22,Spring,2012,January,0,0,Cloudy,6.6625000000000005,8.1125,79.625,196,1781,1977,Sunday
388,2012-01-23,Spring,2012,January,0,1,Cloudy,8.951653,12.152899999999999,91.125,145,2287,2432,Monday
389,2012-01-24,Spring,2012,January,0,1,Clear,14.0425,17.455399999999997,83.58330000000001,439,3900,4339,Tuesday
390,2012-01-25,Spring,2012,January,0,1,Clear,12.060847,14.74105,64.375,467,3803,4270,Wednesday
391,2012-01-26,Spring,2012,January,0,1,Cloudy,14.008347,17.8025,76.95830000000001,244,3831,4075,Thursday
392,2012-01-27,Spring,2012,January,0,1,Cloudy,17.425,20.76915,74.125,269,3187,3456,Friday
393,2012-01-28,Spring,2012,January,0,0,Clear,12.949152999999999,16.318949999999997,54.333299999999994,775,3248,4023,Saturday
394,2012-01-29,Spring,2012,January,0,0,Clear,11.5825,13.63605,31.125000000000004,558,2685,3243,Sunday
395,2012-01-30,Spring,2012,January,0,1,Clear,11.035847,13.13125,40.0833,126,3498,3624,Monday
396,2012-01-31,Spring,2012,January,0,1,Clear,15.99,19.06585,41.6667,324,4185,4509,Tuesday
397,2012-02-01,Spring,2012,February,0,1,Clear,19.235847,23.326900000000002,50.79169999999999,304,4275,4579,Wednesday
398,2012-02-02,Spring,2012,February,0,1,Cloudy,16.365847,19.94855,67.29169999999999,190,3571,3761,Thursday
399,2012-02-03,Spring,2012,February,0,1,Clear,12.846652999999998,15.4673,52.6667,310,3841,4151,Friday
400,2012-02-04,Spring,2012,February,0,0,Cloudy,10.830846999999999,13.63625,77.95830000000001,384,2448,2832,Saturday
401,2012-02-05,Spring,2012,February,0,0,Cloudy,10.899153,13.22605,68.7917,318,2629,2947,Sunday
402,2012-02-06,Spring,2012,February,0,1,Clear,11.586969,14.8213,62.2174,206,3578,3784,Monday
403,2012-02-07,Spring,2012,February,0,1,Clear,14.520847,18.0552,49.625,199,4176,4375,Tuesday
404,2012-02-08,Spring,2012,February,0,1,Cloudy,10.523347,13.321050000000001,72.2917,109,2693,2802,Wednesday
405,2012-02-09,Spring,2012,February,0,1,Clear,10.865,13.0994,56.2083,163,3667,3830,Thursday
406,2012-02-10,Spring,2012,February,0,1,Cloudy,11.514153,14.6779,54.0,227,3604,3831,Friday
407,2012-02-11,Spring,2012,February,0,0,Light Rain,9.190847,10.54335,73.125,192,1977,2169,Saturday
408,2012-02-12,Spring,2012,February,0,0,Clear,5.2275,5.0828999999999995,46.4583,73,1456,1529,Sunday
409,2012-02-13,Spring,2012,February,0,1,Clear,9.1225,11.39565,41.125,94,3328,3422,Monday
410,2012-02-14,Spring,2012,February,0,1,Cloudy,13.085847,16.697300000000002,50.875,135,3787,3922,Tuesday
411,2012-02-15,Spring,2012,February,0,1,Clear,14.281653,17.58145,53.125,141,4028,4169,Wednesday
412,2012-02-16,Spring,2012,February,0,1,Cloudy,12.983346999999998,16.5081,75.29169999999999,74,2931,3005,Thursday
413,2012-02-17,Spring,2012,February,0,1,Clear,14.076653,17.58145,63.4583,349,3805,4154,Friday
414,2012-02-18,Spring,2012,February,0,0,Clear,14.213347,17.77125,53.4583,1435,2883,4318,Saturday
415,2012-02-19,Spring,2012,February,0,0,Cloudy,11.48,13.2894,51.5833,618,2071,2689,Sunday
416,2012-02-20,Spring,2012,February,1,0,Clear,11.48,13.66955,50.7826,502,2627,3129,Monday
417,2012-02-21,Spring,2012,February,0,1,Clear,11.800866000000001,14.755650000000001,59.434799999999996,163,3614,3777,Tuesday
418,2012-02-22,Spring,2012,February,0,1,Clear,16.229153,19.63335,56.7917,394,4379,4773,Wednesday
419,2012-02-23,Spring,2012,February,0,1,Clear,18.620846999999998,22.2223,55.45830000000001,516,4546,5062,Thursday
420,2012-02-24,Spring,2012,February,0,1,Cloudy,16.7075,20.54855,73.75,246,3241,3487,Friday
421,2012-02-25,Spring,2012,February,0,0,Clear,11.924153,12.78375,39.5833,317,2415,2732,Saturday
422,2012-02-26,Spring,2012,February,0,0,Clear,11.445847,13.4154,41.0,515,2874,3389,Sunday
423,2012-02-27,Spring,2012,February,0,1,Clear,15.033347000000001,17.8977,49.0833,253,4069,4322,Monday
424,2012-02-28,Spring,2012,February,0,1,Clear,14.725847,17.67625,39.5833,229,4134,4363,Tuesday
425,2012-02-29,Spring,2012,February,0,1,Cloudy,14.118267999999999,17.4235,80.4783,65,1769,1834,Wednesday
426,2012-03-01,Spring,2012,March,0,1,Clear,19.919153,23.768549999999998,61.5417,325,4665,4990,Thursday
427,2012-03-02,Spring,2012,March,0,1,Cloudy,14.486653,17.9921,65.7083,246,2948,3194,Friday
428,2012-03-03,Spring,2012,March,0,0,Cloudy,16.980847,20.6746,62.125,956,3110,4066,Saturday
429,2012-03-04,Spring,2012,March,0,0,Clear,13.359153,15.15105,40.3333,710,2713,3423,Sunday
430,2012-03-05,Spring,2012,March,0,1,Clear,9.976652999999999,12.05855,50.625,203,3130,3333,Monday
431,2012-03-06,Spring,2012,March,0,1,Clear,10.591652999999999,12.752099999999999,45.6667,221,3735,3956,Tuesday
432,2012-03-07,Spring,2012,March,0,1,Clear,16.570847,19.255,51.3333,432,4484,4916,Wednesday
433,2012-03-08,Spring,2012,March,0,1,Clear,21.627499999999998,26.230199999999996,56.75,486,4896,5382,Thursday
434,2012-03-09,Spring,2012,March,0,1,Cloudy,16.844153,19.85415,40.708299999999994,447,4122,4569,Friday
435,2012-03-10,Spring,2012,March,0,0,Clear,11.7875,13.888349999999999,35.0417,968,3150,4118,Saturday
436,2012-03-11,Spring,2012,March,0,0,Clear,14.831299,17.9835,47.6957,1658,3253,4911,Sunday
437,2012-03-12,Spring,2012,March,0,1,Clear,19.133347,22.9796,48.9167,838,4460,5298,Monday
438,2012-03-13,Spring,2012,March,0,1,Clear,23.165,27.14645,61.75000000000001,762,5085,5847,Tuesday
439,2012-03-14,Spring,2012,March,0,1,Clear,23.4725,27.43085,50.708299999999994,997,5315,6312,Wednesday
440,2012-03-15,Spring,2012,March,0,1,Clear,22.857499999999998,26.64125,57.958299999999994,1005,5187,6192,Thursday
441,2012-03-16,Spring,2012,March,0,1,Cloudy,17.869153,21.81145,84.20830000000001,548,3830,4378,Friday
442,2012-03-17,Spring,2012,March,0,0,Cloudy,21.080847000000002,25.252299999999998,75.5833,3155,4681,7836,Saturday
443,2012-03-18,Spring,2012,March,0,0,Cloudy,19.3725,23.200000000000003,81.0,2207,3685,5892,Sunday
444,2012-03-19,Spring,2012,March,0,1,Clear,22.345000000000002,26.64105,72.875,982,5171,6153,Monday
445,2012-03-20,Spring,2012,March,0,1,Clear,22.994153,26.926650000000002,80.7917,1051,5042,6093,Tuesday
446,2012-03-21,Summer,2012,March,0,1,Cloudy,21.798347,25.6629,82.125,1122,5108,6230,Wednesday
447,2012-03-22,Summer,2012,March,0,1,Clear,22.720847,26.57835,83.125,1334,5537,6871,Thursday
448,2012-03-23,Summer,2012,March,0,1,Cloudy,24.668346999999997,28.50335,69.41669999999999,2469,5893,8362,Friday
449,2012-03-24,Summer,2012,March,0,0,Cloudy,20.6025,24.336650000000002,88.5417,1033,2339,3372,Saturday
450,2012-03-25,Summer,2012,March,0,0,Cloudy,17.9375,21.874399999999998,88.0833,1532,3464,4996,Sunday
451,2012-03-26,Summer,2012,March,0,1,Clear,18.279153,21.9375,47.7917,795,4763,5558,Monday
452,2012-03-27,Summer,2012,March,0,1,Clear,13.256653,15.7827,28.999999999999996,531,4571,5102,Tuesday
453,2012-03-28,Summer,2012,March,0,1,Clear,19.850847,23.5475,48.125,674,5024,5698,Wednesday
454,2012-03-29,Summer,2012,March,0,1,Clear,20.260847000000002,24.1152,43.9167,834,5299,6133,Thursday
455,2012-03-30,Summer,2012,March,0,1,Cloudy,15.17,18.78105,58.0833,796,4663,5459,Friday
456,2012-03-31,Summer,2012,March,0,0,Cloudy,17.390847,21.0854,73.83330000000001,2301,3934,6235,Saturday
457,2012-04-01,Summer,2012,April,0,0,Cloudy,17.459153,20.86435,67.625,2347,3694,6041,Sunday
458,2012-04-02,Summer,2012,April,0,1,Clear,17.790433,21.37565,50.4348,1208,4728,5936,Monday
459,2012-04-03,Summer,2012,April,0,1,Clear,19.133347,23.07415,39.6667,1348,5424,6772,Tuesday
460,2012-04-04,Summer,2012,April,0,1,Clear,22.208347,26.6725,46.958299999999994,1058,5378,6436,Wednesday
461,2012-04-05,Summer,2012,April,0,1,Clear,17.835,21.55815,37.416700000000006,1192,5265,6457,Thursday
462,2012-04-06,Summer,2012,April,0,1,Clear,16.536653,19.538349999999998,37.7083,1807,4653,6460,Friday
463,2012-04-07,Summer,2012,April,0,0,Clear,17.9375,21.306449999999998,25.4167,3252,3605,6857,Saturday
464,2012-04-08,Summer,2012,April,0,0,Clear,20.5,24.62125,27.5833,2230,2939,5169,Sunday
465,2012-04-09,Summer,2012,April,0,1,Clear,20.055847,23.8319,31.75,905,4680,5585,Monday
466,2012-04-10,Summer,2012,April,0,1,Clear,18.313347,21.81165,43.5,819,5099,5918,Tuesday
467,2012-04-11,Summer,2012,April,0,1,Clear,14.296536,16.8637,46.9565,482,4380,4862,Wednesday
468,2012-04-12,Summer,2012,April,0,1,Clear,16.2975,19.3802,46.625,663,4746,5409,Thursday
469,2012-04-13,Summer,2012,April,0,1,Clear,18.142500000000002,21.590400000000002,40.8333,1252,5146,6398,Friday
470,2012-04-14,Summer,2012,April,0,0,Clear,20.294999999999998,24.3998,50.29169999999999,2795,4665,7460,Saturday
471,2012-04-15,Summer,2012,April,0,0,Clear,24.873347,28.69375,50.79169999999999,2846,4286,7132,Sunday
472,2012-04-16,Summer,2012,April,1,0,Clear,27.230846999999997,30.746250000000003,56.166700000000006,1198,5172,6370,Monday
473,2012-04-17,Summer,2012,April,0,1,Clear,24.941653000000002,29.92435,39.0417,989,5702,6691,Tuesday
474,2012-04-18,Summer,2012,April,0,1,Cloudy,18.996653,22.8519,56.9167,347,4020,4367,Wednesday
475,2012-04-19,Summer,2012,April,0,1,Clear,20.431653,24.6523,61.25000000000001,846,5719,6565,Thursday
476,2012-04-20,Summer,2012,April,0,1,Clear,21.593347,25.78875,69.4583,1340,5950,7290,Friday
477,2012-04-21,Summer,2012,April,0,0,Clear,23.369999999999997,27.14605,68.2917,2541,4083,6624,Saturday
478,2012-04-22,Summer,2012,April,0,0,Light Rain,16.263347,19.4752,83.54169999999999,120,907,1027,Sunday
479,2012-04-23,Summer,2012,April,0,1,Cloudy,13.188346999999998,15.056249999999999,76.66669999999999,195,3019,3214,Monday
480,2012-04-24,Summer,2012,April,0,1,Clear,16.946653,20.26415,45.4167,518,5115,5633,Tuesday
481,2012-04-25,Summer,2012,April,0,1,Clear,19.543347,23.51585,42.7917,655,5541,6196,Wednesday
482,2012-04-26,Summer,2012,April,0,1,Cloudy,20.431653,24.17915,75.66669999999999,475,4551,5026,Thursday
483,2012-04-27,Summer,2012,April,0,1,Clear,18.7575,22.63185,40.0833,1014,5219,6233,Friday
484,2012-04-28,Summer,2012,April,0,0,Cloudy,15.443347,18.8752,48.9583,1120,3100,4220,Saturday
485,2012-04-29,Summer,2012,April,0,0,Clear,18.791653,22.50605,58.7083,2229,4075,6304,Sunday
486,2012-04-30,Summer,2012,April,0,1,Cloudy,19.030847,22.8848,56.99999999999999,665,4907,5572,Monday
487,2012-05-01,Summer,2012,May,0,1,Cloudy,25.146653,28.85105,65.95830000000001,653,5087,5740,Tuesday
488,2012-05-02,Summer,2012,May,0,1,Clear,23.130847,26.894800000000004,79.7083,667,5502,6169,Wednesday
489,2012-05-03,Summer,2012,May,0,1,Cloudy,22.96,26.862099999999998,76.83330000000001,764,5657,6421,Thursday
490,2012-05-04,Summer,2012,May,0,1,Clear,25.7275,29.54585,73.54169999999999,1069,5227,6296,Friday
491,2012-05-05,Summer,2012,May,0,0,Cloudy,25.488346999999997,29.2304,75.66669999999999,2496,4387,6883,Saturday
492,2012-05-06,Summer,2012,May,0,0,Cloudy,23.0625,27.336850000000002,74.0,2135,4224,6359,Sunday
493,2012-05-07,Summer,2012,May,0,1,Cloudy,22.037499999999998,26.3571,66.41669999999999,1008,5265,6273,Monday
494,2012-05-08,Summer,2012,May,0,1,Cloudy,23.848347,27.87355,68.58330000000001,738,4990,5728,Tuesday
495,2012-05-09,Summer,2012,May,0,1,Cloudy,23.575,27.65125,74.4167,620,4097,4717,Wednesday
496,2012-05-10,Summer,2012,May,0,1,Clear,20.739152999999998,24.58915,55.2083,1026,5546,6572,Thursday
497,2012-05-11,Summer,2012,May,0,1,Clear,21.866653,26.04165,36.0417,1319,5711,7030,Friday
498,2012-05-12,Summer,2012,May,0,0,Clear,23.130847,27.24085,48.0417,2622,4807,7429,Saturday
499,2012-05-13,Summer,2012,May,0,0,Clear,25.1125,29.2619,57.62500000000001,2172,3946,6118,Sunday
500,2012-05-14,Summer,2012,May,0,1,Cloudy,23.506653,27.495000000000005,78.95830000000001,342,2501,2843,Monday
501,2012-05-15,Summer,2012,May,0,1,Cloudy,25.078346999999997,28.8202,79.45830000000001,625,4490,5115,Tuesday
502,2012-05-16,Summer,2012,May,0,1,Clear,26.103347,29.798750000000002,69.7917,991,6433,7424,Wednesday
503,2012-05-17,Summer,2012,May,0,1,Clear,24.326653,28.630650000000003,52.0,1242,6142,7384,Thursday
504,2012-05-18,Summer,2012,May,0,1,Clear,23.130847,27.55605,52.33330000000001,1521,6118,7639,Friday
505,2012-05-19,Summer,2012,May,0,0,Clear,24.599999999999998,28.345399999999998,45.625,3410,4884,8294,Saturday
506,2012-05-20,Summer,2012,May,0,0,Clear,25.454152999999998,29.19835,53.041700000000006,2704,4425,7129,Sunday
507,2012-05-21,Summer,2012,May,0,1,Cloudy,24.531653,28.283350000000002,81.125,630,3729,4359,Monday
508,2012-05-22,Summer,2012,May,0,1,Cloudy,25.215,29.04125,76.5833,819,5254,6073,Tuesday
509,2012-05-23,Summer,2012,May,0,1,Cloudy,25.488346999999997,29.230600000000003,77.45830000000001,766,4494,5260,Wednesday
510,2012-05-24,Summer,2012,May,0,1,Clear,26.855,30.335,71.6667,1059,5711,6770,Thursday
511,2012-05-25,Summer,2012,May,0,1,Clear,27.880000000000003,31.37645,74.70830000000001,1417,5317,6734,Friday
512,2012-05-26,Summer,2012,May,0,0,Clear,28.392500000000002,32.134800000000006,73.25,2855,3681,6536,Saturday
513,2012-05-27,Summer,2012,May,0,0,Clear,28.29,32.07125,69.7083,3283,3308,6591,Sunday
514,2012-05-28,Summer,2012,May,1,0,Clear,29.212500000000002,33.965,67.625,2557,3486,6043,Monday
515,2012-05-29,Summer,2012,May,0,1,Clear,29.622500000000002,33.6496,68.45830000000001,880,4863,5743,Tuesday
516,2012-05-30,Summer,2012,May,0,1,Cloudy,26.923347,30.55645,67.0,745,6110,6855,Wednesday
517,2012-05-31,Summer,2012,May,0,1,Clear,27.880000000000003,31.566450000000003,49.2917,1100,6238,7338,Thursday
518,2012-06-01,Summer,2012,June,0,1,Cloudy,26.820847,30.3981,75.5417,533,3594,4127,Friday
519,2012-06-02,Summer,2012,June,0,0,Clear,23.916653,28.3144,54.9167,2795,5325,8120,Saturday
520,2012-06-03,Summer,2012,June,0,0,Clear,24.7025,28.75665,49.3333,2494,5147,7641,Sunday
521,2012-06-04,Summer,2012,June,0,1,Clear,24.497500000000002,28.91415,48.7083,1071,5927,6998,Monday
522,2012-06-05,Summer,2012,June,0,1,Cloudy,22.174153,26.294600000000003,61.3333,968,6033,7001,Tuesday
523,2012-06-06,Summer,2012,June,0,1,Clear,22.720847,27.1146,61.12499999999999,1027,6028,7055,Wednesday
524,2012-06-07,Summer,2012,June,0,1,Clear,24.7025,28.4721,56.7083,1038,6456,7494,Thursday
525,2012-06-08,Summer,2012,June,0,1,Clear,26.615847000000002,29.8931,46.791700000000006,1488,6248,7736,Friday
526,2012-06-09,Summer,2012,June,0,0,Clear,29.144153000000003,32.418350000000004,43.7083,2708,4790,7498,Saturday
527,2012-06-10,Summer,2012,June,0,0,Clear,29.793346999999997,33.175850000000004,53.833299999999994,2224,4374,6598,Sunday
528,2012-06-11,Summer,2012,June,0,1,Cloudy,29.554153,32.98605,58.791700000000006,1017,5647,6664,Monday
529,2012-06-12,Summer,2012,June,0,1,Cloudy,26.786653,29.89375,83.3333,477,4495,4972,Tuesday
530,2012-06-13,Summer,2012,June,0,1,Clear,26.889153,30.55585,58.2083,1173,6248,7421,Wednesday
531,2012-06-14,Summer,2012,June,0,1,Clear,26.581653000000003,31.219150000000003,56.958299999999994,1180,6183,7363,Thursday
532,2012-06-15,Summer,2012,June,0,1,Clear,26.205847000000002,29.9877,58.958299999999994,1563,6102,7665,Friday
533,2012-06-16,Summer,2012,June,0,0,Clear,25.898346999999998,29.735400000000002,50.416700000000006,2963,4739,7702,Saturday
534,2012-06-17,Summer,2012,June,0,0,Clear,24.2925,28.59875,59.875,2634,4344,6978,Sunday
535,2012-06-18,Summer,2012,June,0,1,Cloudy,23.301652999999998,27.2421,77.79169999999999,653,4446,5099,Monday
536,2012-06-19,Summer,2012,June,0,1,Clear,28.221653,32.7346,69.0,968,5857,6825,Tuesday
537,2012-06-20,Summer,2012,June,0,1,Clear,32.082499999999996,36.04875,59.2083,872,5339,6211,Wednesday
538,2012-06-21,Fall,2012,June,0,1,Clear,33.039153,37.6271,56.7917,778,5127,5905,Thursday
539,2012-06-22,Fall,2012,June,0,1,Clear,31.877499999999998,36.20605,57.375,964,4859,5823,Friday
540,2012-06-23,Fall,2012,June,0,0,Clear,29.998347,32.6396,53.4583,2657,4801,7458,Saturday
541,2012-06-24,Fall,2012,June,0,0,Clear,30.476653000000002,33.7127,47.9167,2551,4340,6891,Sunday
542,2012-06-25,Fall,2012,June,0,1,Clear,29.349153,32.7021,50.416700000000006,1139,5640,6779,Monday
543,2012-06-26,Fall,2012,June,0,1,Clear,25.864152999999998,29.7352,37.3333,1077,6365,7442,Tuesday
544,2012-06-27,Fall,2012,June,0,1,Clear,28.5975,32.0396,36.0,1077,6258,7335,Wednesday
545,2012-06-28,Fall,2012,June,0,1,Clear,30.715847,33.7756,42.25,921,5958,6879,Thursday
546,2012-06-29,Fall,2012,June,0,1,Clear,34.200847,39.33065,48.875,829,4634,5463,Friday
547,2012-06-30,Fall,2012,June,0,0,Clear,31.365000000000002,34.3754,60.12499999999999,1455,4232,5687,Saturday
548,2012-07-01,Fall,2012,July,0,0,Clear,33.449153,37.53145,51.87500000000001,1421,4110,5531,Sunday
549,2012-07-02,Fall,2012,July,0,1,Clear,32.048347,35.1019,44.7083,904,5323,6227,Monday
550,2012-07-03,Fall,2012,July,0,1,Clear,32.014153,35.1325,49.2083,1052,5608,6660,Tuesday
551,2012-07-04,Fall,2012,July,1,0,Clear,32.355847,36.61685,53.87499999999999,2562,4841,7403,Wednesday
552,2012-07-05,Fall,2012,July,0,1,Clear,33.9275,38.06835,45.7917,1405,4836,6241,Thursday
553,2012-07-06,Fall,2012,July,0,1,Clear,33.961653,37.62665,45.0833,1366,4841,6207,Friday
554,2012-07-07,Fall,2012,July,0,0,Clear,35.328347,40.24565,49.2083,1448,3392,4840,Saturday
555,2012-07-08,Fall,2012,July,0,0,Clear,33.722500000000004,39.5198,57.375,1203,3469,4672,Sunday
556,2012-07-09,Fall,2012,July,0,1,Cloudy,29.144153000000003,32.7027,68.3333,998,5571,6569,Monday
557,2012-07-10,Fall,2012,July,0,1,Cloudy,29.554153,33.2398,66.75,954,5336,6290,Tuesday
558,2012-07-11,Fall,2012,July,0,1,Clear,29.383347,32.51355,63.3333,975,6289,7264,Wednesday
559,2012-07-12,Fall,2012,July,0,1,Clear,29.349153,32.73415,52.9583,1032,6414,7446,Thursday
560,2012-07-13,Fall,2012,July,0,1,Cloudy,29.998347,33.39665,48.5833,1511,5988,7499,Friday
561,2012-07-14,Fall,2012,July,0,0,Cloudy,28.836653,33.3021,69.91669999999999,2355,4614,6969,Saturday
562,2012-07-15,Fall,2012,July,0,0,Clear,30.579152999999998,35.259800000000006,71.7917,1920,4111,6031,Sunday
563,2012-07-16,Fall,2012,July,0,1,Clear,31.296653000000003,36.206250000000004,64.5,1088,5742,6830,Monday
564,2012-07-17,Fall,2012,July,0,1,Clear,33.551653,37.78415,50.583299999999994,921,5865,6786,Tuesday
565,2012-07-18,Fall,2012,July,0,1,Clear,32.526652999999996,37.27915,57.7083,799,4914,5713,Wednesday
566,2012-07-19,Fall,2012,July,0,1,Clear,31.57,35.7321,60.0417,888,5703,6591,Thursday
567,2012-07-20,Fall,2012,July,0,1,Cloudy,27.299153,30.65125,84.4167,747,5123,5870,Friday
568,2012-07-21,Fall,2012,July,0,0,Light Rain,24.429153,27.495599999999996,86.5417,1264,3195,4459,Saturday
569,2012-07-22,Fall,2012,July,0,0,Cloudy,27.3675,31.156250000000004,76.25,2544,4866,7410,Sunday
570,2012-07-23,Fall,2012,July,0,1,Clear,30.408347,34.50085,69.41669999999999,1135,5831,6966,Monday
571,2012-07-24,Fall,2012,July,0,1,Clear,30.784153,35.3225,65.5,1140,6452,7592,Tuesday
572,2012-07-25,Fall,2012,July,0,1,Clear,29.690847,32.7027,45.0,1383,6790,8173,Wednesday
573,2012-07-26,Fall,2012,July,0,1,Clear,31.843347,36.96315,59.66669999999999,1036,5825,6861,Thursday
574,2012-07-27,Fall,2012,July,0,1,Clear,32.048347,36.71085,59.458299999999994,1259,5645,6904,Friday
575,2012-07-28,Fall,2012,July,0,0,Clear,30.989152999999998,34.8802,61.3333,2234,4451,6685,Saturday
576,2012-07-29,Fall,2012,July,0,0,Clear,29.588347,33.39665,62.375,2153,4444,6597,Sunday
577,2012-07-30,Fall,2012,July,0,1,Clear,29.964153,34.24935,66.875,1040,6065,7105,Monday
578,2012-07-31,Fall,2012,July,0,1,Clear,29.246653,33.144800000000004,70.41669999999999,968,6248,7216,Tuesday
579,2012-08-01,Fall,2012,August,0,1,Clear,29.4175,33.3654,67.75,1074,6506,7580,Wednesday
580,2012-08-02,Fall,2012,August,0,1,Clear,30.8525,35.354400000000005,65.95830000000001,983,6278,7261,Thursday
581,2012-08-03,Fall,2012,August,0,1,Cloudy,31.399153,36.143350000000005,64.25,1328,5847,7175,Friday
582,2012-08-04,Fall,2012,August,0,0,Clear,32.526652999999996,37.56335,61.3333,2345,4479,6824,Saturday
583,2012-08-05,Fall,2012,August,0,0,Clear,31.535847,36.55395,65.25,1707,3757,5464,Sunday
584,2012-08-06,Fall,2012,August,0,1,Cloudy,30.8525,35.5123,65.4167,1233,5780,7013,Monday
585,2012-08-07,Fall,2012,August,0,1,Cloudy,30.169152999999998,34.88105,70.375,1278,5995,7273,Tuesday
586,2012-08-08,Fall,2012,August,0,1,Cloudy,30.75,35.385850000000005,67.29169999999999,1263,6271,7534,Wednesday
587,2012-08-09,Fall,2012,August,0,1,Clear,30.989152999999998,34.9754,62.0417,1196,6090,7286,Thursday
588,2012-08-10,Fall,2012,August,0,1,Cloudy,29.349153,33.3971,71.58330000000001,1065,4721,5786,Friday
589,2012-08-11,Fall,2012,August,0,0,Cloudy,28.392500000000002,31.91335,73.2917,2247,4052,6299,Saturday
590,2012-08-12,Fall,2012,August,0,0,Clear,28.734153000000003,32.22895,53.041700000000006,2182,4362,6544,Sunday
591,2012-08-13,Fall,2012,August,0,1,Clear,29.554153,33.112700000000004,54.541700000000006,1207,5676,6883,Monday
592,2012-08-14,Fall,2012,August,0,1,Clear,29.793346999999997,33.838950000000004,68.6667,1128,5656,6784,Tuesday
593,2012-08-15,Fall,2012,August,0,1,Clear,28.973347,32.70185,61.9583,1198,6149,7347,Wednesday
594,2012-08-16,Fall,2012,August,0,1,Clear,29.485847,32.7344,51.916700000000006,1338,6267,7605,Thursday
595,2012-08-17,Fall,2012,August,0,1,Clear,29.656653,12.120000000000001,57.0833,1483,5665,7148,Friday
596,2012-08-18,Fall,2012,August,0,0,Clear,27.811653,30.903550000000003,60.3333,2827,5038,7865,Saturday
597,2012-08-19,Fall,2012,August,0,0,Cloudy,26.069153,30.1777,71.1667,1208,3341,4549,Sunday
598,2012-08-20,Fall,2012,August,0,1,Cloudy,26.069153,29.798350000000003,73.4167,1026,5504,6530,Monday
599,2012-08-21,Fall,2012,August,0,1,Clear,26.615847000000002,30.051250000000003,67.375,1081,5925,7006,Tuesday
600,2012-08-22,Fall,2012,August,0,1,Clear,27.3675,31.0927,67.7083,1094,6281,7375,Wednesday
601,2012-08-23,Fall,2012,August,0,1,Clear,28.529153,31.8504,63.5833,1363,6402,7765,Thursday
602,2012-08-24,Fall,2012,August,0,1,Cloudy,28.802500000000002,32.355000000000004,61.5,1325,6257,7582,Friday
603,2012-08-25,Fall,2012,August,0,0,Cloudy,27.128347,30.934800000000003,71.2917,1829,4224,6053,Saturday
604,2012-08-26,Fall,2012,August,0,0,Cloudy,26.786653,29.799799999999998,84.5833,1483,3772,5255,Sunday
605,2012-08-27,Fall,2012,August,0,1,Clear,28.836653,32.7344,73.04169999999999,989,5928,6917,Monday
606,2012-08-28,Fall,2012,August,0,1,Clear,29.861653,33.3025,62.0,935,6105,7040,Tuesday
607,2012-08-29,Fall,2012,August,0,1,Clear,28.085,31.786649999999998,55.2083,1177,6520,7697,Wednesday
608,2012-08-30,Fall,2012,August,0,1,Clear,28.973347,32.63895,59.0417,1172,6541,7713,Thursday
609,2012-08-31,Fall,2012,August,0,1,Clear,31.330847000000002,34.47,58.75,1433,5917,7350,Friday
610,2012-09-01,Fall,2012,September,0,0,Cloudy,30.886653000000003,35.1327,63.8333,2352,3788,6140,Saturday
611,2012-09-02,Fall,2012,September,0,0,Cloudy,28.563347,32.45,81.5,2613,3197,5810,Sunday
612,2012-09-03,Fall,2012,September,1,0,Clear,29.0075,33.081450000000004,79.0833,1965,4069,6034,Monday
613,2012-09-04,Fall,2012,September,0,1,Clear,29.759152999999998,34.3444,75.5,867,5997,6864,Tuesday
614,2012-09-05,Fall,2012,September,0,1,Clear,30.203346999999997,35.44915,74.125,832,6280,7112,Wednesday
615,2012-09-06,Fall,2012,September,0,1,Cloudy,28.563347,32.766450000000006,81.0417,611,5592,6203,Thursday
616,2012-09-07,Fall,2012,September,0,1,Clear,28.836653,32.8602,73.625,1045,6459,7504,Friday
617,2012-09-08,Fall,2012,September,0,0,Cloudy,27.025847,30.556050000000003,79.91669999999999,1557,4419,5976,Saturday
618,2012-09-09,Fall,2012,September,0,0,Clear,25.009999999999998,28.946250000000003,54.75,2570,5657,8227,Sunday
619,2012-09-10,Fall,2012,September,0,1,Clear,23.916653,28.2827,50.375,1118,6407,7525,Monday
620,2012-09-11,Fall,2012,September,0,1,Clear,23.677500000000002,27.7146,52.0,1070,6697,7767,Tuesday
621,2012-09-12,Fall,2012,September,0,1,Clear,24.565847,28.50375,57.7083,1050,6820,7870,Wednesday
622,2012-09-13,Fall,2012,September,0,1,Clear,25.1125,28.9779,63.708299999999994,1054,6750,7804,Thursday
623,2012-09-14,Fall,2012,September,0,1,Clear,25.966653,29.704150000000002,67.25,1379,6630,8009,Friday
624,2012-09-15,Fall,2012,September,0,0,Clear,24.941653000000002,29.29335,50.1667,3160,5554,8714,Saturday
625,2012-09-16,Fall,2012,September,0,0,Clear,23.779999999999998,28.15625,56.99999999999999,2166,5167,7333,Sunday
626,2012-09-17,Fall,2012,September,0,1,Cloudy,23.814153,27.652500000000003,73.4583,1022,5847,6869,Monday
627,2012-09-18,Fall,2012,September,0,1,Cloudy,25.556653,28.253349999999998,87.25,371,3702,4073,Tuesday
628,2012-09-19,Fall,2012,September,0,1,Clear,22.6525,27.0202,53.6667,788,6803,7591,Wednesday
629,2012-09-20,Fall,2012,September,0,1,Clear,22.413347,26.6096,61.8333,939,6781,7720,Thursday
630,2012-09-21,Fall,2012,September,0,1,Clear,24.565847,28.59855,66.875,1250,6917,8167,Friday
631,2012-09-22,Fall,2012,September,0,0,Clear,26.650000000000002,30.5244,64.6667,2512,5883,8395,Saturday
632,2012-09-23,Winter,2012,September,0,0,Clear,21.695847,25.946649999999998,46.7083,2454,5453,7907,Sunday
633,2012-09-24,Winter,2012,September,0,1,Clear,21.080847000000002,25.12565,49.2917,1001,6435,7436,Monday
634,2012-09-25,Winter,2012,September,0,1,Clear,22.55,27.208949999999998,56.99999999999999,845,6693,7538,Tuesday
635,2012-09-26,Winter,2012,September,0,1,Clear,26.035,29.83065,63.083299999999994,787,6946,7733,Wednesday
636,2012-09-27,Winter,2012,September,0,1,Cloudy,26.650000000000002,30.398750000000003,69.08330000000001,751,6642,7393,Thursday
637,2012-09-28,Winter,2012,September,0,1,Cloudy,25.385847000000002,29.29315,69.0,1045,6370,7415,Friday
638,2012-09-29,Winter,2012,September,0,0,Clear,22.2425,26.5148,54.2917,2589,5966,8555,Saturday
639,2012-09-30,Winter,2012,September,0,0,Clear,21.593347,25.88315,58.3333,2015,4874,6889,Sunday
640,2012-10-01,Winter,2012,October,0,1,Cloudy,21.354153,25.6,64.9167,763,6015,6778,Monday
641,2012-10-02,Winter,2012,October,0,1,Light Rain,24.224153,27.116649999999996,87.16669999999999,315,4324,4639,Tuesday
642,2012-10-03,Winter,2012,October,0,1,Cloudy,26.9575,29.95665,79.375,728,6844,7572,Wednesday
643,2012-10-04,Winter,2012,October,0,1,Cloudy,26.9575,30.398750000000003,72.2917,891,6437,7328,Thursday
644,2012-10-05,Winter,2012,October,0,1,Clear,25.215,29.00935,62.74999999999999,1516,6640,8156,Friday
645,2012-10-06,Winter,2012,October,0,0,Clear,22.720847,26.92605,66.41669999999999,3031,4934,7965,Saturday
646,2012-10-07,Winter,2012,October,0,0,Cloudy,17.049153,20.99065,70.8333,781,2729,3510,Sunday
647,2012-10-08,Winter,2012,October,1,0,Cloudy,15.716652999999999,19.3804,70.9583,874,4604,5478,Monday
648,2012-10-09,Winter,2012,October,0,1,Cloudy,18.313347,21.9056,76.16669999999999,601,5791,6392,Tuesday
649,2012-10-10,Winter,2012,October,0,1,Clear,21.080847000000002,25.1571,63.083299999999994,780,6911,7691,Wednesday
650,2012-10-11,Winter,2012,October,0,1,Clear,17.835,21.55835,46.3333,834,6736,7570,Thursday
651,2012-10-12,Winter,2012,October,0,1,Clear,17.9375,21.65355,53.91669999999999,1060,6222,7282,Friday
652,2012-10-13,Winter,2012,October,0,0,Clear,16.126653,19.5698,49.4583,2252,4857,7109,Saturday
653,2012-10-14,Winter,2012,October,0,0,Clear,21.388347,25.4102,64.0417,2080,4559,6639,Sunday
654,2012-10-15,Winter,2012,October,0,1,Cloudy,23.028347,26.9575,70.75,760,5115,5875,Monday
655,2012-10-16,Winter,2012,October,0,1,Clear,19.201653,23.042299999999997,55.833299999999994,922,6612,7534,Tuesday
656,2012-10-17,Winter,2012,October,0,1,Clear,18.689153,22.5054,69.2917,979,6482,7461,Wednesday
657,2012-10-18,Winter,2012,October,0,1,Cloudy,21.4225,25.63125,72.8333,1008,6501,7509,Thursday
658,2012-10-19,Winter,2012,October,0,1,Cloudy,23.096653,26.894800000000004,81.5,753,4671,5424,Friday
659,2012-10-20,Winter,2012,October,0,0,Clear,19.850847,23.6421,57.2917,2806,5284,8090,Saturday
660,2012-10-21,Winter,2012,October,0,0,Clear,19.030847,22.82145,51.0,2132,4692,6824,Sunday
661,2012-10-22,Winter,2012,October,0,1,Clear,19.9875,24.1471,56.833299999999994,830,6228,7058,Monday
662,2012-10-23,Winter,2012,October,0,1,Clear,22.310847,26.5152,64.16669999999999,841,6625,7466,Tuesday
663,2012-10-24,Winter,2012,October,0,1,Clear,24.087500000000002,27.93605,63.625,795,6898,7693,Wednesday
664,2012-10-25,Winter,2012,October,0,1,Cloudy,22.55,26.4844,80.0417,875,6484,7359,Thursday
665,2012-10-26,Winter,2012,October,0,1,Cloudy,22.379153000000002,26.137500000000003,80.7083,1182,6262,7444,Friday
666,2012-10-27,Winter,2012,October,0,0,Cloudy,21.73,25.756649999999997,72.0,2643,5209,7852,Saturday
667,2012-10-28,Winter,2012,October,0,0,Cloudy,19.5775,23.38855,69.4583,998,3461,4459,Sunday
668,2012-10-29,Winter,2012,October,0,1,Light Rain,18.04,21.97,88.0,2,20,22,Monday
669,2012-10-30,Winter,2012,October,0,1,Cloudy,13.045462,15.49545,82.5455,87,1009,1096,Tuesday
670,2012-10-31,Winter,2012,October,0,1,Cloudy,14.657499999999999,18.055,66.6667,419,5147,5566,Wednesday
671,2012-11-01,Winter,2012,November,0,1,Cloudy,14.999153000000002,18.4971,58.166700000000006,466,5520,5986,Thursday
672,2012-11-02,Winter,2012,November,0,1,Clear,14.555,17.802100000000003,52.208299999999994,618,5229,5847,Friday
673,2012-11-03,Winter,2012,November,0,0,Cloudy,14.076653,16.1923,49.125,1029,4109,5138,Saturday
674,2012-11-04,Winter,2012,November,0,0,Clear,13.359153,16.4769,53.2917,1201,3906,5107,Sunday
675,2012-11-05,Winter,2012,November,0,1,Clear,13.085847,15.403749999999999,49.416700000000006,378,4881,5259,Monday
676,2012-11-06,Winter,2012,November,0,1,Clear,11.514153,14.07835,56.7083,466,5220,5686,Tuesday
677,2012-11-07,Winter,2012,November,0,1,Cloudy,12.129153,13.73105,54.75,326,4709,5035,Wednesday
678,2012-11-08,Winter,2012,November,0,1,Clear,14.439134,17.09455,33.3478,340,4975,5315,Thursday
679,2012-11-09,Winter,2012,November,0,1,Clear,14.828347,17.77065,54.0833,709,5283,5992,Friday
680,2012-11-10,Winter,2012,November,0,0,Clear,15.955846999999999,19.696849999999998,64.5417,2090,4446,6536,Saturday
681,2012-11-11,Winter,2012,November,0,0,Clear,17.254153000000002,21.08565,65.91669999999999,2290,4562,6852,Sunday
682,2012-11-12,Winter,2012,November,1,0,Clear,19.884999999999998,23.76915,74.16669999999999,1097,5172,6269,Monday
683,2012-11-13,Winter,2012,November,0,1,Cloudy,14.076653,16.16125,66.29169999999999,327,3767,4094,Tuesday
684,2012-11-14,Winter,2012,November,0,1,Clear,11.855847,14.07815,55.2083,373,5122,5495,Wednesday
685,2012-11-15,Winter,2012,November,0,1,Cloudy,13.188346999999998,16.2246,62.0417,320,5125,5445,Thursday
686,2012-11-16,Winter,2012,November,0,1,Clear,14.145,17.3602,52.4583,484,5214,5698,Friday
687,2012-11-17,Winter,2012,November,0,0,Clear,13.325000000000001,16.31915,54.541700000000006,1313,4316,5629,Saturday
688,2012-11-18,Winter,2012,November,0,0,Clear,14.0425,16.8873,69.2917,922,3747,4669,Sunday
689,2012-11-19,Winter,2012,November,0,1,Cloudy,15.614152999999998,18.78105,62.3333,449,5050,5499,Monday
690,2012-11-20,Winter,2012,November,0,1,Cloudy,15.340847000000002,19.03335,68.5,534,5100,5634,Tuesday
691,2012-11-21,Winter,2012,November,0,1,Clear,14.486653,18.2446,61.375,615,4531,5146,Wednesday
692,2012-11-22,Winter,2012,November,1,0,Clear,13.940000000000001,17.518549999999998,58.0417,955,1470,2425,Thursday
693,2012-11-23,Winter,2012,November,0,1,Clear,15.101653,18.93895,56.875,1603,2307,3910,Friday
694,2012-11-24,Winter,2012,November,0,0,Clear,11.411653,12.4371,40.4583,532,1745,2277,Saturday
695,2012-11-25,Winter,2012,November,0,0,Clear,10.079153,12.879150000000001,46.8333,309,2115,2424,Sunday
696,2012-11-26,Winter,2012,November,0,1,Clear,12.846652999999998,16.950200000000002,53.541700000000006,337,4750,5087,Monday
697,2012-11-27,Winter,2012,November,0,1,Cloudy,11.958347,14.0779,78.6667,123,3836,3959,Tuesday
698,2012-11-28,Winter,2012,November,0,1,Clear,12.163347,14.488100000000001,50.625,198,5062,5260,Wednesday
699,2012-11-29,Winter,2012,November,0,1,Clear,11.51567,14.921100000000001,55.565200000000004,243,5080,5323,Thursday
700,2012-11-30,Winter,2012,November,0,1,Clear,12.231653000000001,16.193350000000002,64.95830000000001,362,5306,5668,Friday
701,2012-12-01,Winter,2012,December,0,0,Cloudy,12.231653000000001,15.8452,80.6667,951,4240,5191,Saturday
702,2012-12-02,Winter,2012,December,0,0,Cloudy,14.247499999999999,17.9604,82.3333,892,3757,4649,Sunday
703,2012-12-03,Winter,2012,December,0,1,Clear,18.552500000000002,22.7898,76.75,555,5679,6234,Monday
704,2012-12-04,Winter,2012,December,0,1,Clear,19.509153,23.4527,73.375,551,6055,6606,Tuesday
705,2012-12-05,Winter,2012,December,0,1,Clear,17.971653,21.4006,48.5,331,5398,5729,Wednesday
706,2012-12-06,Winter,2012,December,0,1,Clear,10.489152999999998,12.9102,50.875,340,5035,5375,Thursday
707,2012-12-07,Winter,2012,December,0,1,Cloudy,13.154152999999999,16.097900000000003,76.4167,349,4659,5008,Friday
708,2012-12-08,Winter,2012,December,0,0,Cloudy,15.648347,19.4754,91.125,1153,4429,5582,Saturday
709,2012-12-09,Winter,2012,December,0,0,Cloudy,15.750846999999998,19.5073,90.5417,441,2787,3228,Sunday
710,2012-12-10,Winter,2012,December,0,1,Cloudy,17.869153,21.77875,92.5,329,4841,5170,Monday
711,2012-12-11,Winter,2012,December,0,1,Cloudy,14.486653,16.91815,59.66669999999999,282,5219,5501,Tuesday
712,2012-12-12,Winter,2012,December,0,1,Cloudy,12.1975,14.8669,53.833299999999994,310,5009,5319,Wednesday
713,2012-12-13,Winter,2012,December,0,1,Clear,12.129153,14.7094,48.5833,425,5107,5532,Thursday
714,2012-12-14,Winter,2012,December,0,1,Clear,11.548347,14.7096,64.29169999999999,429,5182,5611,Friday
715,2012-12-15,Winter,2012,December,0,0,Clear,13.290847,16.91915,65.0417,767,4280,5047,Saturday
716,2012-12-16,Winter,2012,December,0,0,Cloudy,14.862499999999999,18.4969,83.875,538,3248,3786,Sunday
717,2012-12-17,Winter,2012,December,0,1,Cloudy,16.126653,20.075000000000003,90.7083,212,4373,4585,Monday
718,2012-12-18,Winter,2012,December,0,1,Clear,16.844153,20.485400000000002,66.625,433,5124,5557,Tuesday
719,2012-12-19,Winter,2012,December,0,1,Clear,13.6325,17.1081,62.5417,333,4934,5267,Wednesday
720,2012-12-20,Winter,2012,December,0,1,Cloudy,13.530000000000001,16.760849999999998,66.79169999999999,314,3814,4128,Thursday
721,2012-12-21,Spring,2012,December,0,1,Cloudy,13.393346999999999,15.08835,55.666700000000006,221,3402,3623,Friday
722,2012-12-22,Spring,2012,December,0,0,Clear,10.899153,11.80565,44.125,205,1544,1749,Saturday
723,2012-12-23,Spring,2012,December,0,0,Clear,10.079153,12.97355,51.5417,408,1379,1787,Sunday
724,2012-12-24,Spring,2012,December,0,1,Cloudy,9.483464,12.945,79.1304,174,746,920,Monday
725,2012-12-25,Spring,2012,December,1,0,Cloudy,11.943464,14.723249999999998,73.47829999999999,440,573,1013,Tuesday
726,2012-12-26,Spring,2012,December,0,1,Light Rain,9.976652999999999,11.01665,82.3333,9,432,441,Wednesday
727,2012-12-27,Spring,2012,December,0,1,Cloudy,10.420846999999998,11.3321,65.29169999999999,247,1867,2114,Thursday
728,2012-12-28,Spring,2012,December,0,1,Cloudy,10.386652999999999,12.7523,59.0,644,2451,3095,Friday
729,2012-12-29,Spring,2012,December,0,0,Cloudy,10.386652999999999,12.120000000000001,75.29169999999999,159,1182,1341,Saturday
730,2012-12-30,Spring,2012,December,0,0,Clear,10.489152999999998,11.584999999999999,48.3333,364,1432,1796,Sunday
731,2012-12-31,Spring,2012,December,0,1,Cloudy,8.849153,11.17435,57.75,439,2290,2729,Monday
